{
  "config": {
    "learning_rate": 0.012,
    "batch_size": 1536,
    "num_epochs": 200,
    "early_stopping_patience": 30,
    "weight_decay": 0.0001,
    "validation_split": 0.2
  },
  "final_metrics": {
    "accuracy": 0.7007676186147515,
    "precision": 0.8637207440032032,
    "recall": 0.7453628810604513,
    "f1_score": 0.8001888430832006,
    "auc_roc": 0.6899264983120477
  },
  "training_history": {
    "train_losses": [
      0.32448170127638853,
      0.32091851263161164,
      0.3213412276951663,
      0.31976176187934646,
      0.3207053617540612,
      0.3197182258927678,
      0.31889868734112703,
      0.31985055610358,
      0.3210733356964157,
      0.32157433787024164,
      0.32047601780259466,
      0.32023682131106596,
      0.3202827763126557,
      0.31940317836152504,
      0.3194179104035159,
      0.31942290336970824,
      0.3208212277975427,
      0.3209830062935151,
      0.3206563661974597,
      0.3198440681739026,
      0.319493276527129,
      0.31940916521721574,
      0.31972702781119977,
      0.31887355518628313,
      0.31940976682915745,
      0.31893198210072804,
      0.31835216337657835,
      0.31845993862812777,
      0.31767593054886323,
      0.3182826943426247,
      0.3189498999391694,
      0.31953788019088375,
      0.320566917399326,
      0.32010117316820536,
      0.3209043545536248,
      0.32069912121956606,
      0.3208626702607396,
      0.3206150454570012,
      0.32021688660943365,
      0.3200423141200858,
      0.32003249838409653,
      0.3200746160673808,
      0.3194585058344416,
      0.31949849103588657,
      0.3191438135971506,
      0.3199803895619978,
      0.31931703403053513,
      0.31922479566321316,
      0.31850349346557294,
      0.3189311562532402,
      0.31890261963189365,
      0.318946797445596,
      0.318311485540436,
      0.31782369423343476,
      0.3186322583491544,
      0.31788200445203896,
      0.3183123770966587,
      0.317723515162985,
      0.31826916372919656,
      0.3185235890279333,
      0.3183066344045731,
      0.3189892948391926,
      0.3199479111346854,
      0.32131698153105126,
      0.32349396290549315,
      0.3241055194871971,
      0.3227917690234012,
      0.3230373775025448
    ],
    "val_losses": [
      0.32210471303690047,
      0.32663658545130775,
      0.32214544855412985,
      0.3051761651322955,
      0.3139236264285587,
      0.3161325078634989,
      0.32219021306151435,
      0.31300147871176404,
      0.35870104247615453,
      0.3067254225413005,
      0.31929692767915274,
      0.31665039204415824,
      0.32254979936849504,
      0.319225176459267,
      0.317996369940894,
      0.32593221465746564,
      0.33352834412029814,
      0.3074301651545933,
      0.3362439452182679,
      0.3158419792141233,
      0.32202291914394926,
      0.3335515246504829,
      0.3210164996839705,
      0.33233597023146494,
      0.3236466071435383,
      0.3181600471337636,
      0.31641554051921483,
      0.3165533280088788,
      0.3202282467058727,
      0.3198139426254091,
      0.32335488711084637,
      0.33895022315638407,
      0.33197163329237983,
      0.30750808332647595,
      0.33948653510638643,
      0.3156083290066038,
      0.31932680166902994,
      0.3195872839008059,
      0.34094122690813883,
      0.32880425949891406,
      0.32799857074306127,
      0.3050252277226675,
      0.3241544202679679,
      0.3241810089065915,
      0.3082203630890165,
      0.3163188298543294,
      0.319986309323992,
      0.32085205401693073,
      0.3286263119606745,
      0.3202319081340517,
      0.31779205870060695,
      0.3169281227248056,
      0.32452941437562305,
      0.32470944949558805,
      0.323881691410428,
      0.32075590675785426,
      0.3206678806316285,
      0.3246751988217944,
      0.32299081484476727,
      0.3220269573586328,
      0.32182217353866216,
      0.3067897331146967,
      0.31320105776900337,
      0.3480556181498936,
      0.32203340956142973,
      0.31129759762968334,
      0.3176851350636709,
      0.30641315451690126
    ],
    "train_accuracies": [
      63.424064641618564,
      63.98549666810017,
      63.95945695359013,
      64.18237269144122,
      64.04428329631223,
      64.01705995841536,
      64.24944468336102,
      63.88015418667319,
      63.88488868022047,
      63.81189857136657,
      64.07150663420909,
      63.90224848989383,
      64.05888131808301,
      64.39503035993987,
      64.19263076079366,
      64.28653154948138,
      63.94130806165889,
      63.969320481813625,
      63.839516450392374,
      64.03718155599131,
      64.30349681802579,
      64.13423867371054,
      63.93026091004857,
      64.27272260996848,
      64.2324794148166,
      64.2245885922378,
      64.28140251480515,
      64.2936332898023,
      64.46999317443847,
      64.21156873498278,
      64.22735038014038,
      64.13897316725782,
      64.01666541728642,
      64.13463321483948,
      63.82610205200841,
      64.05414682453572,
      63.761002765733316,
      63.84622364958435,
      63.87897056328637,
      63.850563602002694,
      63.944464390690406,
      63.95669516568755,
      64.04665054308586,
      64.07269025759591,
      64.08807736162456,
      63.83517649797403,
      64.06716668179074,
      64.18671264385956,
      64.28495338496562,
      64.20407245353292,
      64.19144713740684,
      64.0707175519512,
      64.11727340516612,
      64.27232806883954,
      64.0963627253323,
      64.2127523583696,
      64.2206431809484,
      64.27627348012894,
      64.19657617208306,
      64.28613700835244,
      64.22340496885097,
      64.18552902047274,
      63.94840980197981,
      63.99575473745261,
      63.672625552850754,
      63.45957334322316,
      63.67814912865592,
      63.43787358113146
    ],
    "val_accuracies": [
      62.313580052079224,
      60.74489071253847,
      59.528130671506354,
      64.9317446539888,
      66.05854967253215,
      63.5192929850864,
      60.14361240432415,
      64.04324153712618,
      59.15884163181567,
      66.35997790578395,
      64.27680896393909,
      63.78442357768484,
      63.18630158604908,
      63.618716957310816,
      63.24469344275231,
      60.8095952023988,
      61.24201057366054,
      64.25471474788921,
      61.21044740787501,
      65.97806359977906,
      63.37725873905153,
      56.07196401799101,
      66.885504616113,
      62.85804466187959,
      63.986427838712224,
      63.32360135721613,
      63.47826086956522,
      64.69502091059734,
      64.9380572871459,
      64.92701017912097,
      65.11796733212341,
      62.21889055472264,
      62.5629290617849,
      63.35200820642311,
      62.26939161997949,
      64.66345774481181,
      60.07417343959599,
      66.34104000631264,
      58.63647123806518,
      67.11907204292591,
      59.81851179673321,
      65.85338909492621,
      65.96701649175412,
      64.37781109445277,
      64.67608301112601,
      66.96756884715536,
      66.26213209184881,
      64.59086246350509,
      63.00639154107157,
      64.19001025802888,
      65.75238696441254,
      66.2226781346169,
      57.34238144085852,
      57.855282884873354,
      58.14566401010021,
      57.70220153081354,
      58.33819932139193,
      58.36344985402036,
      58.396591178095164,
      58.29085457271364,
      58.34451195454904,
      62.40037875798943,
      65.76027775585891,
      67.3400142034246,
      68.38475499092559,
      63.421447171151264,
      66.90286435729503,
      69.96449143849128
    ]
  }
}